title,genre
Shadow Strike,Action
Iron Vengeance,Action
Rogue Mission,Action
Desert Ambush,Action
Final Pursuit,Action
Code Black,Action
Bullet Runner,Action
Red Horizon,Action
Hunter Protocol,Action
Edge of Fury,Action
Silent Trigger,Action
Thunder Code,Action
Urban Warzone,Action
Steel Rebellion,Action
Deadfall Directive,Action
Laugh Riot,Comedy
Office Clowns,Comedy
Holiday Mess,Comedy
The Awkward Guest,Comedy
Crazy Neighbors,Comedy
Wrong Delivery,Comedy
Perfectly Imperfect,Comedy
Not My Fault,Comedy
Sofa Adventures,Comedy
Two Idiots Abroad,Comedy
Campus Chaos,Comedy
Clueless Detectives,Comedy
Family Frenzy,Comedy
Weekend Disaster,Comedy
Almost Married,Comedy
Broken Promises,Drama
The Last Letter,Drama
Far From Home,Drama
Chasing Silence,Drama
Her Final Choice,Drama
Scars of Yesterday,Drama
A Different Sky,Drama
Distant Shadows,Drama
Lost Conversations,Drama
Winter of Truth,Drama
Silent Heart,Drama
River of Memories,Drama
Beyond Regret,Drama
Waiting for Dawn,Drama
The Long Goodbye,Drama
House of Whispers,Horror
Silent Woods,Horror
The Uninvited,Horror
Black Water,Horror
Cursed Manor,Horror
Crimson Eyes,Horror
The Forgotten Cellar,Horror
The Hollow Village,Horror
Dark Harvest,Horror
No Way Out,Horror
The Last Ritual,Horror
Shadows Beneath,Horror
Frozen Screams,Horror
Midnight Visitor,Horror
The Grinning Man,Horror
Quantum Rift,Sci-Fi
Nova Protocol,Sci-Fi
Starlight Paradox,Sci-Fi
Hyperion Drift,Sci-Fi
Omega Tower,Sci-Fi
Planet Zero,Sci-Fi
Galactic Code,Sci-Fi
Echoes of Andromeda,Sci-Fi
Silent Orbit,Sci-Fi
Solar Dominion,Sci-Fi
Temporal Breach,Sci-Fi
The Last Colony,Sci-Fi
Nano Rebellion,Sci-Fi
Cosmic Frontier,Sci-Fi
Project Helix,Sci-Fi
Love in Autumn,Romance
Midnight Letters,Romance
When Hearts Collide,Romance
Perfect Strangers,Romance
Seasons of Us,Romance
Dreaming Together,Romance
Falling Again,Romance
Summer of Hope,Romance
A Promise Kept,Romance
Stars Between Us,Romance
The Last Witness,Thriller
Undercover Truth,Thriller
The Silent Caller,Thriller
Mind Trap,Thriller
Fractured Identity,Thriller
Cold Conspiracy,Thriller
The Insider,Thriller
Night Stalker,Thriller
Hidden Agenda,Thriller
False Evidence,Thriller
Tiny Heroes,Animation
Galaxy Pals,Animation
Jungle Tunes,Animation
The Magic Paintbrush,Animation
Robo Adventures,Animation
